folder_id,folder_name
1,A1eEZvfJRUS
2,A1AVN6EopvS
3,A1je3steNHS
4,91jVgPE1s1S
5,A1C4Gaa9q-S
6,91UN-4ypVfS
7,A1-92I736ES
8,A17AGFxllwS
9,A1TTCvb9eqS
10,A1Yh-MNHbrS
11,91dqdbuZPhS
12,910rxtT4lNS
13,91CL7aaNUQS
14,A1hQq1tJyZS
15,A1AaQORgLfS
16,A134R3du4SS
17,91TinyLmtvS
18,91xENK41GyS
19,91CHD5t6lkS
20,9129YDE+cmS
21,A1fjrQMJMAS
22,A11UTfKe+tS
23,91FQFmPfsPS
24,91e5Zx4EMDS
25,A1l3RNefCZS
26,91CO316EfOS
27,91uXUiMTuVS
28,91zpcutg68S
29,A1K2E+QDwJS
30,919k+nrbR6S
31,91VyWwPVZBS
32,A15Qq5inIHS
33,A1vtrDlFZYS
34,A1pDSUD-6kS
35,91KyQhcAjmS
36,916iz4hbIJS
37,91Jvr6TZf1S
38,91Hi+Nn+WQS
39,A15VEzukScS
40,91+z7oAY-IS
41,91wrpZZAuGS
42,A1QjseidMkS
43,91ouZtTxM6S
44,91ZSSH2D-xS
45,91tO0imIhfS
46,A1b8hF5TgXS
47,A1EjJwhDw-S
48,A1reZkUWSVS
49,A1kBIdnD65S
50,A1P+0ZhMAiS
51,919vwGkoBZS
52,A13x1REw8VS
53,A190oHyN7XS
54,91hECpvrRSS
55,A12qCU8nimS
56,91+PxmDyrgS
57,A1scLENhiYS
58,A1GqSV9JCNS
59,91A3-6ehAhS
60,A1+lct+7pqS
61,91-9wEBqAlS
62,91CBf2PucRS
63,91UveTFmA3S
64,A1qbiuHTZCS
65,91DccWQJovS
66,A1EpEaUAOpS
67,A1aF4I7s-hS
68,918uApIJYCS
69,A1LI3q12smS
70,91itUP78RnS
71,A1Pd+czuQ5S
72,A1as1eJFMZS
73,A1-ZzOdQ9tS
74,A1ahIWv8SpS
75,A1jx8Z9eIHS
76,91UGeylvSYS
77,91L8FIoMnTS
78,91rso8MLhNS
79,A1UJwaPJfqS
80,A16G49pfsKS
81,91SgMpTCl3S
82,91inLIhjlkS
83,91jAkcMn9ES
84,917sawDuD5S
85,A1YTUoD6VLS
86,A1sinewFaDS
87,A14lkhInQfS
88,91+bCFG1jOS
89,91KbTM-Qs5S
90,A1y4ALrThUS
91,A1A0BcAeG0S
92,A127e+bWMvS
93,A1xGg3ZcFvS
94,91LR1LCcc1S
95,A1wwPTTzVGS
96,A1AjDdqufJS
97,91-kqBbzDIS
98,A1zaFTtYy+S
99,A1AcsqCBqyS
100,91V2ZOx7L2S
101,91d1Gs7pDqS
102,91Zc93fnXBS
103,91t-lS-8VkS
104,91LVKVKed0S
105,A11fCqkXWUS
106,91sbGyAh4lS
107,A1kOYTO9sRS
108,91X-fpTnQjS
109,91nLbWw4ezS
110,A1jFMj0n1JS
111,91AxNIzSlaS
112,A1X+6J1KpJS
113,912b+e6TrKS
114,91Iegdp9HFS
115,A15oY022hnS
116,91aHjkHkSQS
117,91QfJhDwuxS
118,A1LCBvndW3S
119,91gayUSzkqS
120,91gY8y3phjS
121,9194wrYnsuS
122,91rCwmuvuIS
123,91lkERFbNzS
124,A1sE2aFAZDS
125,911EyguDLjS
126,911dnmIdIYS
127,91PPEg-KXES
128,91jvQeBJovS
129,91iSAR-kQlS
130,916VcoojH6S
131,91ETNTpkRLS
132,91rr7Fj3wmS
133,91rduj3SEeS
134,91gJasnQEyS
135,A1HoF0l4NrS
136,A16LhLE1PoS
137,A135+VkA+9S
138,91Rff5U3uHS
139,A1-JigxCHVS
140,A1Ir3wQYrRS
141,917zWmTGVMS
142,91DU41k+QfS
143,A1ov09nlukS
144,91dVyEFeFXS
145,A18SZEmAPmS
146,91D23ZVV6NS
147,91awBtSMraS
148,91XQ7iTrA3S
149,91rbRfjMweS
150,91a7ujDXN9S
151,A10DsT3ew3S
152,91U6zCbi81S
153,A11y7ZJTf6S
154,A1H-rni1GwS
155,A1PirhB4wES
156,A15HYlQRNUS
157,91TDp5Z08AS
158,A1INOWKAOfS
159,A15F0+kY8rS
160,A1e4FvDCO0S
161,A16SWkijSrS
162,A15HjAPmcrS
163,A1UjKO6+U6S
164,A1jBHy9ecoS
165,91iLyRqupFS
166,A1rkShWKy-S
167,A1ca1mgsMUS
168,9167xfvs0RS
169,A1h5pleQRdS
170,A1IT+pEn0iS
171,A1p7F2+bYyS
172,A1VhNN47hUS
173,91Yw7J872gS
174,A1QvutYxzXS
175,A1nKGW2--gS
176,91d3Lx1uCYS
177,91t9QPjy6IS
178,A1nolvbbFUS
179,A1MsFmxPg1S
180,91Ucjr9DLYS
181,A1IPcs--FPS
182,A1GJweFGAiS
183,A15g0ekJ1US
184,A1U3C2fmz4S
185,A1YQG7hbxAS
186,91eqrZs3NOS
187,A18fOhsmJWS
188,A12Bs0ylPrS
189,91SOigLcQkS
190,A1b0a5leqoS
191,A1sJoS5NgBS
192,A1EGxWmdmOS
193,A17Q4CoaY7S
194,91hfgkIXQHS
195,91NlXJ+dBRS
196,91+xeI+ijRS
197,91VUAXoMGxS
198,A14gz1dCU2S
199,91c+SL7Cg7S
200,91LxNkrQZVS
201,91fxYsir49S
202,91pUKQ9VE-S
203,91NMtb9JuES
204,A1AMAIOLUsS
205,A18GIeJe6RS
206,91GoF2Z9ryS
207,91GN31Z1rVS
208,A1Wy60+1o4S
209,A1SitGflSMS
210,A1jqlFsctyS
211,91EWdk0xgDS
212,91ierZSo5hS
213,91mxkmTsn-S
214,A14qP36SAnS
215,91w13yjb8MS
216,A1eAt1p54XS
217,91xuWi7D5kS
218,A1GOx7I3kfS
219,A1E-bnKT5iS
220,A1KcpmdyZcS
221,A13qMfx+VdS
222,A1NoOlWA5zS
223,A1b1qjsklzS
224,91Gi3oNo0ZS
225,91yJtf-8RBS
226,A15H3k0MRRS
227,91BxsiLn7uS
228,914YKv4LeXS
229,A1fa0B8PGqS
230,91pn9FUZ9NS
231,A1P10LXQgGS
232,91J6B8sbMuS
233,91gIhZ2S4SS
234,91VR+4O2H6S
235,A1N1qLQou6S
236,A1qmerAHT-S
237,91IYZzsL6oS
238,91bit+2uAGS
239,A1u1X1B3bWS
240,A1iFJaDDBKS
241,A1q5q4JH2cS
242,91CYKqVIWKS
243,91bMH7SeuoS
244,91xDLvKBQ8S
245,91kau3zgnCS
246,91lrKy4o2MS
247,A1MPQ2Fne+S
248,91Xs4WPjtTS
249,91-wIan2z6S
250,917v6EQuPJS
251,919quRNFxHS
252,91LU1NHG2zS
253,91NuxtjJ8sS
254,91yaNbzZb2S
255,91FvbEl4WSS
256,A1TfaqtPn1S
257,91uhnh+Z5rS
258,91vXwMBQScS
259,A1hkvS7COFS
260,A14zSHJKopS
261,91p9RBHG-qS
262,91syhDT3BfS
263,A1u5vhJKxtS
264,A1PBDuSfdiS
265,91mJs1Rx9ZS
266,A1uwPz7+srS
267,A1tDo5PqA9S
268,A1-6cHgMKxS
269,91WwlYjebKS
270,91msz0VABdS
271,A158fYJR5gS
272,A15nWd4JYgS
273,91Lvh4YdSUS
274,91Ghs8ro+NS
275,91ENRDaKyIS
276,9191vM3gWUS
277,91S-OYN7chS
278,A1CyPGq5HcS
279,A1-zDL7VfyS
280,A1Z+OiecmLS
281,91JGLZ4VuIS
282,A17zkSVwKES
283,A11yVBcrftS
284,A1v-wPFDxBS
285,A1aUOWf3EES
286,A1w4zlJFPiS
287,91k+vG5ThUS
288,91bTyHxr3KS
289,A15KmK+PapS
290,A1ioBaIf3+S
291,A1IWb5AMMlS
292,91qaGfTESXS
293,A1eiU3QtJZS
294,91Fl2rS9sAS
295,91i7wHVECAS
296,91t1iUyA-DS
297,91xHpayzM0S
298,A1gXF-c+0dS
299,A1W-zcVU1JS
300,A1bM5kktW7S
301,A1ZJTtuiBDS
302,91lIYuUETHS
303,A1AhksKfjQS
304,91fbGDJDEZS
305,A16dzLO+diS
306,A1Cjr6BQW1S
307,A1bU-WYQgvS
308,A14e-5v80zS
309,A1p7n9-jHES
310,91sNkqpxajS
311,91Wt9hr+93S
312,A1f94LlYyIS
313,91P6l1xYVQS
314,91+fUG+fyBS
315,A1MPiBwZuIS
316,91hVdrwKj8S
317,9174TjkrG2S
318,A15GWy1GbkS
319,91+PxYkdSaS
320,A15Khtac8xS
321,91EPHko9EMS
322,91awragicLS
323,91nTMHxyitS
324,91ugqUYBFYS
325,A1cofEJXx3S
326,91BeC-Eo4+S
327,A1hlRP7BkZS
328,91sHkbnXtmS
329,91He1e1jhwS
330,A1nbMxob4VS
331,A14+vjk00kS
332,A1trMn+DPCS
333,A1YsUDIAq3S
334,A1u0IlecjbS
335,911HPTHcpRS
336,91WwxuTSaYS
337,A1kmEeviTSS
338,A1ObofRlFtS
339,91jKbe9-y4S
340,91Om51OQRgS
341,91khUDfmcnS
342,A1-T14PwQPS
343,91y4PIhedLS
344,91elFllk8oS
345,A1E+sxSfPQS
346,A1gHv2OcraS
347,91B1xPF+UGS
348,A1l1po6YF2S
349,A1gVq1bGsKS
350,A1ZKroqr8eS
351,91KN65tdl9S
352,A1AKpUs29AS
353,91iKyqnNwxS
354,91-BAOunZBS
355,91w4r-YTBlS
356,91C01Mb7OBS
357,A1wGG6QMSqS
358,A11EAY9CR5S
359,91KzTEtLCcS
360,A1f9DiUYpAS
361,A1jBVJHhD5S
362,91WvLcNpdzS
363,A1F3EkKe2ES
364,91bxJwvqyzS
365,A1VKFP3456S
366,91mOBF1cAJS
367,A1GHQG8KysS
368,A1mKRBbECZS
369,91zX7m12qrS
370,A1JverX4ADS
371,A1DKTgVSVaS
372,A1kmapmav2S
373,A1Y8HsouVnS
374,91tvKOw3HqS
375,A1phWCkHzQS
376,A1Yin2If81S
377,A1w603Ci8KS
378,A1maQZR5JNS
379,910yQoWQpFS
380,91O0DKws+gS
381,91G0vO9z0KS
382,A1LXiB9DErS
383,912Qm4qFZ5S
384,A19FRhRmb-S
385,A1ERataKU1S
386,91wfTWcm+HS
387,A14QYvPah6S
388,A1W1FyxFN1S
389,91id9oI6OXS
390,911oR3cdb1S
391,91k62gM3CdS
392,A1FYkMYsPAS
393,A1mkjLY5A7S
394,91Ile3zLhMS
395,91PbGctNl8S
396,A1fd4ZDyhwS
397,A1AMRLTiJGS
398,A1TkcPfqMYS
399,91UZGkoxFFS
400,914LPAnGLuS
401,91lOX26QQ+S
402,A1372XbmjQS
403,A1Qf04-ORaS
404,A10guZxkDfS
405,91SkcqZbgHS
406,A12XuDE2T3S
407,91NUBMaZ0MS
408,91pO-0Xf8CS
409,A1S0xsQfaiS
410,91lUoCMPlGS
411,91FQY9XTyQS
412,91GeSv-KwSS
413,A14+p6E20BS
414,A1CGKqiQbKS
415,A1nYlrP3+zS
416,91Xg-11OuYS
417,91VBdLPe6sS
418,91zcRJwjygS
419,91SzoPJfbMS
420,91Z+ZFDkaLS
421,A1B2qmziDvS
422,A1JjifG3FwS
423,A1Y7LcdJ8jS
424,91QFEra7jDS
425,91QI9OO73uS
426,91smb5UEjsS
427,91ZSnUjczES
428,91iEHRn6ZGS
429,91T6U5fAejS
430,A1X3koQIOoS
431,A1PY+v5m7oS
432,91zrX+VihKS
433,A16dhGRUkuS
434,A1TmEeuBxfS
435,91C+rpudhdS
436,A1L6XV+jeQS
437,A1ESU8dpYhS
438,A1fta5rGYwS
439,A1W9PeerqUS
440,A1sqF9lNpqS
441,A1Y4RROg3yS
442,A1s0+qM9T1S
443,91kahoXLeSS
444,A190M-8Kh8S
445,91fdTDFn-0S
446,A1cks+TzPgS
447,A1fhGrcXjjS
448,91-2Jb8DkfS
449,91USaiAdMdS
450,91yKWACUNcS
451,A1+Ea25jPFS
452,A1FN3aNHu4S
453,91I3ReFlwmS
454,A196PE754WS
455,917B4f44vhS
456,91FxsyKa6cS
457,A1va+qFspPS
458,91wac4EX5NS
459,A1o2X2SZJ8S
460,A1weUj8AndS
461,919t9Syv9mS
462,91ORyUPpoDS
463,91+uwOT1POS
464,91IiZsMxf9S
465,A1klQ-odb4S
466,A1A1OMtYuiS
467,A1vvFYsp4PS
468,A1Oxt4PlX5S
469,91sUrTdJbTS
470,A1Bc1P0TdqS
471,91+lbQkcx5S
472,91v9t7spFnS
473,A1WD56t39zS
474,A1jQBm9NGkS
475,A1JAMLw3HHS
476,A1WY8jED6NS
477,918l-RDCPAS
478,81FyMPk-WIS
479,A1cG9GzVTHS
480,91risc0HOhS
481,91HL0Dn7NzS
482,91l9zhxnd-S
483,91WIsDoNP2S
484,91+20mY7UJS
485,91CUFOb58AS
486,9193ZptS2NS
487,A1NPZwUqfaS
488,A1uLhwCC4mS
489,91Sc09ZXIWS
490,A1o+Q8NgFnS
491,91UzJdn3N+S
492,A1rxI8K31eS
493,91S0eS4UYDS
494,A1XmzqScZLS
495,A1PyMMv4i2S
496,91JfCp4ysES
497,91tr6rk41qS
498,91f66jHiIJS
499,A149qryhUwS
500,A1ZfjsfRsJS
